[
  {
    "timestamp": "2025-03-12T05:20:51.854Z",
    "recordCount": 0
  },
  {
    "timestamp": "2025-03-12T05:20:51.903Z",
    "recordCount": 0
  },
  {
    "timestamp": "2025-03-12T05:25:00.809Z",
    "recordCount": 0
  },
  {
    "timestamp": "2025-03-12T05:30:00.868Z",
    "recordCount": 0
  },
  {
    "timestamp": "2025-03-12T05:31:10.518Z",
    "recordCount": 0
  },
  {
    "timestamp": "2025-03-12T05:31:11.892Z",
    "recordCount": 0
  },
  {
    "timestamp": "2025-03-12T05:31:35.045Z",
    "recordCount": 0
  },
  {
    "timestamp": "2025-03-12T05:35:00.985Z",
    "recordCount": 0
  },
  {
    "timestamp": "2025-03-12T05:40:00.968Z",
    "recordCount": 0
  },
  {
    "timestamp": "2025-03-12T05:42:16.810Z",
    "recordCount": 0
  },
  {
    "timestamp": "2025-03-12T05:42:33.912Z",
    "recordCount": 0
  },
  {
    "timestamp": "2025-03-12T05:43:27.176Z",
    "recordCount": 0
  },
  {
    "timestamp": "2025-03-12T05:45:00.771Z",
    "recordCount": 0
  },
  {
    "timestamp": "2025-03-12T05:45:19.507Z",
    "recordCount": 0
  },
  {
    "timestamp": "2025-03-12T05:45:25.820Z",
    "recordCount": 0
  },
  {
    "timestamp": "2025-03-12T05:47:44.214Z",
    "recordCount": 0
  },
  {
    "timestamp": "2025-03-12T05:47:49.355Z",
    "recordCount": 0
  },
  {
    "timestamp": "2025-03-12T05:50:00.763Z",
    "recordCount": 0
  },
  {
    "timestamp": "2025-03-12T05:52:06.910Z",
    "recordCount": 0
  },
  {
    "timestamp": "2025-03-12T06:07:53.019Z",
    "recordCount": 0
  },
  {
    "timestamp": "2025-03-12T06:07:53.065Z",
    "recordCount": 0
  },
  {
    "timestamp": "2025-03-12T06:07:53.094Z",
    "recordCount": 0
  },
  {
    "timestamp": "2025-03-12T06:07:53.125Z",
    "recordCount": 0
  },
  {
    "timestamp": "2025-03-12T06:12:41.407Z",
    "recordCount": 0
  },
  {
    "timestamp": "2025-03-12T06:12:49.785Z",
    "recordCount": 0
  },
  {
    "timestamp": "2025-03-12T06:13:29.258Z",
    "recordCount": 0
  },
  {
    "timestamp": "2025-03-12T06:13:52.200Z",
    "recordCount": 0
  },
  {
    "timestamp": "2025-03-12T06:15:00.817Z",
    "recordCount": 0
  },
  {
    "timestamp": "2025-03-12T06:17:41.234Z",
    "recordCount": 0
  },
  {
    "timestamp": "2025-03-12T06:18:10.026Z",
    "recordCount": 0
  },
  {
    "timestamp": "2025-03-12T06:20:01.002Z",
    "recordCount": 0
  },
  {
    "timestamp": "2025-03-12T06:56:35.062Z",
    "recordCount": 0
  },
  {
    "timestamp": "2025-03-12T06:56:40.449Z",
    "recordCount": 0
  },
  {
    "timestamp": "2025-03-12T06:59:06.058Z",
    "recordCount": 0
  }
]