[
  {
    "timestamp": "2025-03-12T05:20:55.254Z",
    "recordCount": 6
  },
  {
    "timestamp": "2025-03-12T05:20:55.316Z",
    "recordCount": 6
  },
  {
    "timestamp": "2025-03-12T05:21:16.790Z",
    "recordCount": 6
  },
  {
    "timestamp": "2025-03-12T05:25:02.038Z",
    "recordCount": 6
  },
  {
    "timestamp": "2025-03-12T05:26:03.864Z",
    "recordCount": 6
  },
  {
    "timestamp": "2025-03-12T05:30:02.123Z",
    "recordCount": 6
  },
  {
    "timestamp": "2025-03-12T05:31:03.977Z",
    "recordCount": 6
  },
  {
    "timestamp": "2025-03-12T05:31:11.751Z",
    "recordCount": 6
  },
  {
    "timestamp": "2025-03-12T05:31:13.262Z",
    "recordCount": 6
  },
  {
    "timestamp": "2025-03-12T05:31:36.400Z",
    "recordCount": 6
  },
  {
    "timestamp": "2025-03-12T05:35:02.329Z",
    "recordCount": 6
  },
  {
    "timestamp": "2025-03-12T05:40:02.360Z",
    "recordCount": 6
  },
  {
    "timestamp": "2025-03-12T05:42:18.030Z",
    "recordCount": 6
  },
  {
    "timestamp": "2025-03-12T05:42:35.138Z",
    "recordCount": 6
  },
  {
    "timestamp": "2025-03-12T05:43:28.490Z",
    "recordCount": 6
  },
  {
    "timestamp": "2025-03-12T05:45:02.084Z",
    "recordCount": 6
  },
  {
    "timestamp": "2025-03-12T05:45:20.914Z",
    "recordCount": 6
  },
  {
    "timestamp": "2025-03-12T05:45:27.246Z",
    "recordCount": 6
  },
  {
    "timestamp": "2025-03-12T05:45:43.886Z",
    "recordCount": 6
  },
  {
    "timestamp": "2025-03-12T05:47:45.626Z",
    "recordCount": 6
  },
  {
    "timestamp": "2025-03-12T05:47:50.717Z",
    "recordCount": 6
  },
  {
    "timestamp": "2025-03-12T05:47:54.819Z",
    "recordCount": 6
  },
  {
    "timestamp": "2025-03-12T05:50:02.026Z",
    "recordCount": 6
  },
  {
    "timestamp": "2025-03-12T05:52:08.134Z",
    "recordCount": 6
  },
  {
    "timestamp": "2025-03-12T06:07:54.972Z",
    "recordCount": 6
  },
  {
    "timestamp": "2025-03-12T06:07:55.084Z",
    "recordCount": 6
  },
  {
    "timestamp": "2025-03-12T06:07:55.659Z",
    "recordCount": 6
  },
  {
    "timestamp": "2025-03-12T06:07:55.853Z",
    "recordCount": 6
  },
  {
    "timestamp": "2025-03-12T06:12:42.794Z",
    "recordCount": 6
  },
  {
    "timestamp": "2025-03-12T06:12:51.363Z",
    "recordCount": 6
  },
  {
    "timestamp": "2025-03-12T06:13:09.366Z",
    "recordCount": 6
  },
  {
    "timestamp": "2025-03-12T06:13:30.601Z",
    "recordCount": 6
  },
  {
    "timestamp": "2025-03-12T06:13:53.503Z",
    "recordCount": 6
  },
  {
    "timestamp": "2025-03-12T06:14:03.094Z",
    "recordCount": 6
  },
  {
    "timestamp": "2025-03-12T06:15:02.047Z",
    "recordCount": 6
  },
  {
    "timestamp": "2025-03-12T06:17:42.601Z",
    "recordCount": 6
  },
  {
    "timestamp": "2025-03-12T06:18:11.110Z",
    "recordCount": 6
  },
  {
    "timestamp": "2025-03-12T06:20:02.417Z",
    "recordCount": 6
  },
  {
    "timestamp": "2025-03-12T06:56:36.308Z",
    "recordCount": 6
  },
  {
    "timestamp": "2025-03-12T06:56:41.736Z",
    "recordCount": 6
  },
  {
    "timestamp": "2025-03-12T06:59:07.426Z",
    "recordCount": 6
  }
]