{
  "timestamp": "2025-03-12T04:36:05.487Z",
  "dataType": "ffbworker",
  "recordCount": 6,
  "data": [
    {
      "ID": "4362651",
      "TRANSNO": "00301593",
      "FROMOCCODE": "IJL",
      "TOOCCODE": "IJL",
      "WORKERCODE": "L0014",
      "FIELDNO": "PM2201L1",
      "LOOSEFRUIT": 0,
      "RIPE": 45,
      "UNRIPE": 0,
      "OVERRIPE": 0,
      "TRANSDATE": "2025-02-08T12:24:44.000Z",
      "TRANSSTATUS": "OK          ",
      "EmployeeStatus": "2 ",
      "PosCode": "GEN     ",
      "JumlahKemunculan": 5
    },
    {
      "ID": "4414678",
      "TRANSNO": "30565732",
      "FROMOCCODE": "P1B",
      "TOOCCODE": "P1B",
      "WORKERCODE": "B0653",
      "FIELDNO": "PM2404B2",
      "LOOSEFRUIT": 0,
      "RIPE": 43,
      "UNRIPE": 0,
      "OVERRIPE": 1,
      "TRANSDATE": "2025-02-28T10:55:50.000Z",
      "TRANSSTATUS": "OK          ",
      "EmployeeStatus": "2 ",
      "PosCode": "GEN     ",
      "JumlahKemunculan": 19
    },
    {
      "ID": "4414674",
      "TRANSNO": "30565728",
      "FROMOCCODE": "P1B",
      "TOOCCODE": "P1B",
      "WORKERCODE": "B0602",
      "FIELDNO": "PM2404B2",
      "LOOSEFRUIT": 1,
      "RIPE": 47,
      "UNRIPE": 0,
      "OVERRIPE": 2,
      "TRANSDATE": "2025-02-28T10:41:11.000Z",
      "TRANSSTATUS": "OK          ",
      "EmployeeStatus": "2 ",
      "PosCode": "GEN     ",
      "JumlahKemunculan": 13
    },
    {
      "ID": "4420491",
      "TRANSNO": "60396747",
      "FROMOCCODE": "P2B",
      "TOOCCODE": "P2B",
      "WORKERCODE": "D0145",
      "FIELDNO": "PM9705D1",
      "LOOSEFRUIT": 5,
      "RIPE": 20,
      "UNRIPE": 0,
      "OVERRIPE": 3,
      "TRANSDATE": "2025-02-28T12:40:36.000Z",
      "TRANSSTATUS": "OK          ",
      "EmployeeStatus": "2 ",
      "PosCode": "GEN     ",
      "JumlahKemunculan": 78
    },
    {
      "ID": "4420530",
      "TRANSNO": "60611932",
      "FROMOCCODE": "P2B",
      "TOOCCODE": "P2B",
      "WORKERCODE": "D0365",
      "FIELDNO": "PM9711D2",
      "LOOSEFRUIT": 4,
      "RIPE": 18,
      "UNRIPE": 0,
      "OVERRIPE": 0,
      "TRANSDATE": "2025-02-28T11:09:50.000Z",
      "TRANSSTATUS": "OK          ",
      "EmployeeStatus": "2 ",
      "PosCode": "GEN     ",
      "JumlahKemunculan": 66
    },
    {
      "ID": "4420443",
      "TRANSNO": "60611897",
      "FROMOCCODE": "P2B",
      "TOOCCODE": "P2B",
      "WORKERCODE": "D0108",
      "FIELDNO": "PM9710D2",
      "LOOSEFRUIT": 2,
      "RIPE": 10,
      "UNRIPE": 0,
      "OVERRIPE": 0,
      "TRANSDATE": "2025-02-27T13:42:28.000Z",
      "TRANSSTATUS": "OK          ",
      "EmployeeStatus": "2 ",
      "PosCode": "GEN     ",
      "JumlahKemunculan": 63
    }
  ]
}