[
  {
    "timestamp": "2025-03-12T05:20:53.475Z",
    "recordCount": 0
  },
  {
    "timestamp": "2025-03-12T05:20:53.521Z",
    "recordCount": 0
  },
  {
    "timestamp": "2025-03-12T05:25:01.424Z",
    "recordCount": 0
  },
  {
    "timestamp": "2025-03-12T05:30:01.516Z",
    "recordCount": 0
  },
  {
    "timestamp": "2025-03-12T05:31:11.113Z",
    "recordCount": 0
  },
  {
    "timestamp": "2025-03-12T05:31:12.489Z",
    "recordCount": 0
  },
  {
    "timestamp": "2025-03-12T05:31:35.695Z",
    "recordCount": 0
  },
  {
    "timestamp": "2025-03-12T05:35:01.612Z",
    "recordCount": 0
  },
  {
    "timestamp": "2025-03-12T05:40:01.638Z",
    "recordCount": 0
  },
  {
    "timestamp": "2025-03-12T05:42:17.416Z",
    "recordCount": 0
  },
  {
    "timestamp": "2025-03-12T05:42:34.516Z",
    "recordCount": 0
  },
  {
    "timestamp": "2025-03-12T05:43:27.815Z",
    "recordCount": 0
  },
  {
    "timestamp": "2025-03-12T05:45:01.384Z",
    "recordCount": 0
  },
  {
    "timestamp": "2025-03-12T05:45:20.186Z",
    "recordCount": 0
  },
  {
    "timestamp": "2025-03-12T05:45:26.523Z",
    "recordCount": 0
  },
  {
    "timestamp": "2025-03-12T05:47:44.837Z",
    "recordCount": 0
  },
  {
    "timestamp": "2025-03-12T05:47:50.013Z",
    "recordCount": 0
  },
  {
    "timestamp": "2025-03-12T05:50:01.418Z",
    "recordCount": 0
  },
  {
    "timestamp": "2025-03-12T05:52:07.508Z",
    "recordCount": 0
  },
  {
    "timestamp": "2025-03-12T06:07:53.653Z",
    "recordCount": 0
  },
  {
    "timestamp": "2025-03-12T06:07:53.934Z",
    "recordCount": 0
  },
  {
    "timestamp": "2025-03-12T06:07:54.206Z",
    "recordCount": 0
  },
  {
    "timestamp": "2025-03-12T06:07:54.244Z",
    "recordCount": 0
  },
  {
    "timestamp": "2025-03-12T06:12:42.074Z",
    "recordCount": 0
  },
  {
    "timestamp": "2025-03-12T06:12:50.464Z",
    "recordCount": 0
  },
  {
    "timestamp": "2025-03-12T06:13:29.895Z",
    "recordCount": 0
  },
  {
    "timestamp": "2025-03-12T06:13:52.838Z",
    "recordCount": 0
  },
  {
    "timestamp": "2025-03-12T06:15:01.423Z",
    "recordCount": 0
  },
  {
    "timestamp": "2025-03-12T06:17:41.914Z",
    "recordCount": 0
  },
  {
    "timestamp": "2025-03-12T06:18:10.301Z",
    "recordCount": 0
  },
  {
    "timestamp": "2025-03-12T06:20:01.789Z",
    "recordCount": 0
  },
  {
    "timestamp": "2025-03-12T06:56:35.691Z",
    "recordCount": 0
  },
  {
    "timestamp": "2025-03-12T06:56:41.077Z",
    "recordCount": 0
  },
  {
    "timestamp": "2025-03-12T06:59:06.715Z",
    "recordCount": 0
  }
]