[
  {
    "timestamp": "2025-03-12T05:20:50.210Z",
    "recordCount": 71
  },
  {
    "timestamp": "2025-03-12T05:20:50.967Z",
    "recordCount": 71
  },
  {
    "timestamp": "2025-03-12T05:21:05.848Z",
    "recordCount": 71
  },
  {
    "timestamp": "2025-03-12T05:22:30.479Z",
    "recordCount": 71
  },
  {
    "timestamp": "2025-03-12T05:25:00.231Z",
    "recordCount": 71
  },
  {
    "timestamp": "2025-03-12T05:27:30.441Z",
    "recordCount": 71
  },
  {
    "timestamp": "2025-03-12T05:30:00.237Z",
    "recordCount": 70
  },
  {
    "timestamp": "2025-03-12T05:31:09.960Z",
    "recordCount": 70
  },
  {
    "timestamp": "2025-03-12T05:31:11.322Z",
    "recordCount": 70
  },
  {
    "timestamp": "2025-03-12T05:31:14.732Z",
    "recordCount": 70
  },
  {
    "timestamp": "2025-03-12T05:31:34.272Z",
    "recordCount": 70
  },
  {
    "timestamp": "2025-03-12T05:31:39.042Z",
    "recordCount": 70
  },
  {
    "timestamp": "2025-03-12T05:35:00.337Z",
    "recordCount": 70
  },
  {
    "timestamp": "2025-03-12T05:36:13.475Z",
    "recordCount": 71
  },
  {
    "timestamp": "2025-03-12T05:36:37.669Z",
    "recordCount": 71
  },
  {
    "timestamp": "2025-03-12T05:40:00.294Z",
    "recordCount": 72
  },
  {
    "timestamp": "2025-03-12T05:41:13.479Z",
    "recordCount": 72
  },
  {
    "timestamp": "2025-03-12T05:41:38.018Z",
    "recordCount": 72
  },
  {
    "timestamp": "2025-03-12T05:42:16.246Z",
    "recordCount": 72
  },
  {
    "timestamp": "2025-03-12T05:42:33.178Z",
    "recordCount": 72
  },
  {
    "timestamp": "2025-03-12T05:43:26.562Z",
    "recordCount": 72
  },
  {
    "timestamp": "2025-03-12T05:45:00.190Z",
    "recordCount": 73
  },
  {
    "timestamp": "2025-03-12T05:45:18.784Z",
    "recordCount": 73
  },
  {
    "timestamp": "2025-03-12T05:45:25.147Z",
    "recordCount": 73
  },
  {
    "timestamp": "2025-03-12T05:45:26.776Z",
    "recordCount": 73
  },
  {
    "timestamp": "2025-03-12T05:46:37.497Z",
    "recordCount": 73
  },
  {
    "timestamp": "2025-03-12T05:47:43.624Z",
    "recordCount": 73
  },
  {
    "timestamp": "2025-03-12T05:47:48.485Z",
    "recordCount": 73
  },
  {
    "timestamp": "2025-03-12T05:47:51.767Z",
    "recordCount": 73
  },
  {
    "timestamp": "2025-03-12T05:50:00.190Z",
    "recordCount": 73
  },
  {
    "timestamp": "2025-03-12T05:51:37.462Z",
    "recordCount": 73
  },
  {
    "timestamp": "2025-03-12T05:52:06.288Z",
    "recordCount": 73
  },
  {
    "timestamp": "2025-03-12T05:52:10.795Z",
    "recordCount": 73
  },
  {
    "timestamp": "2025-03-12T05:52:50.460Z",
    "recordCount": 73
  },
  {
    "timestamp": "2025-03-12T06:07:52.285Z",
    "recordCount": 73
  },
  {
    "timestamp": "2025-03-12T06:07:52.326Z",
    "recordCount": 73
  },
  {
    "timestamp": "2025-03-12T06:07:52.399Z",
    "recordCount": 73
  },
  {
    "timestamp": "2025-03-12T06:07:52.432Z",
    "recordCount": 73
  },
  {
    "timestamp": "2025-03-12T06:07:53.725Z",
    "recordCount": 73
  },
  {
    "timestamp": "2025-03-12T06:12:40.786Z",
    "recordCount": 73
  },
  {
    "timestamp": "2025-03-12T06:12:49.007Z",
    "recordCount": 73
  },
  {
    "timestamp": "2025-03-12T06:12:50.577Z",
    "recordCount": 73
  },
  {
    "timestamp": "2025-03-12T06:13:28.415Z",
    "recordCount": 73
  },
  {
    "timestamp": "2025-03-12T06:13:51.422Z",
    "recordCount": 73
  },
  {
    "timestamp": "2025-03-12T06:15:00.175Z",
    "recordCount": 73
  },
  {
    "timestamp": "2025-03-12T06:17:09.501Z",
    "recordCount": 73
  },
  {
    "timestamp": "2025-03-12T06:17:40.667Z",
    "recordCount": 73
  },
  {
    "timestamp": "2025-03-12T06:17:44.663Z",
    "recordCount": 73
  },
  {
    "timestamp": "2025-03-12T06:17:49.004Z",
    "recordCount": 73
  },
  {
    "timestamp": "2025-03-12T06:18:00.866Z",
    "recordCount": 73
  },
  {
    "timestamp": "2025-03-12T06:18:09.813Z",
    "recordCount": 73
  },
  {
    "timestamp": "2025-03-12T06:18:13.982Z",
    "recordCount": 73
  },
  {
    "timestamp": "2025-03-12T06:20:00.291Z",
    "recordCount": 73
  },
  {
    "timestamp": "2025-03-12T06:56:34.342Z",
    "recordCount": 73
  },
  {
    "timestamp": "2025-03-12T06:56:39.848Z",
    "recordCount": 73
  },
  {
    "timestamp": "2025-03-12T06:56:44.438Z",
    "recordCount": 73
  },
  {
    "timestamp": "2025-03-12T06:59:05.432Z",
    "recordCount": 73
  }
]